Time,Driver,DriverNumber,LapTime,LapNumber,Stint,PitOutTime,PitInTime,Sector1Time,Sector2Time,Sector3Time,Sector1SessionTime,Sector2SessionTime,Sector3SessionTime,SpeedI1,SpeedI2,SpeedFL,SpeedST,IsPersonalBest,Compound,TyreLife,FreshTyre,Team,LapStartTime,LapStartDate,TrackStatus,Position,Deleted,DeletedReason,FastF1Generated,IsAccurate
1097.451,RUS,63,111.876,1.0,1.0,988.955,,41.997,19.351,50.528,1027.744,1046.947,1097.713,263.0,287.0,273.0,199.0,False,SOFT,1.0,True,Mercedes,988.955,,1,,,,False,False
1177.291,RUS,63,79.84,2.0,1.0,,,27.99,17.599,34.251,1125.441,1143.04,1177.291,265.0,278.0,294.0,292.0,True,SOFT,2.0,True,Mercedes,1097.451,,1,,,,False,True
1298.86,RUS,63,121.569,3.0,1.0,,1284.695,40.873,22.025,58.671,1218.164,1240.189,1298.86,222.0,283.0,,201.0,False,SOFT,3.0,True,Mercedes,1177.291,,1,,,,False,False
1922.05,RUS,63,,4.0,2.0,1302.023,1418.517,46.779,22.489,,1345.77,1368.254,,230.0,284.0,,129.0,False,SOFT,4.0,False,Mercedes,1298.86,,125,,,,False,False
2032.363,RUS,63,110.313,5.0,3.0,1932.182,,52.39,19.564,38.359,1974.44,1994.004,2032.363,246.0,284.0,279.0,136.0,False,SOFT,5.0,False,Mercedes,1932.182,,1,,,,False,False
2125.609,RUS,63,93.246,6.0,3.0,,,31.116,23.1,39.03,2063.479,2086.579,2125.609,267.0,281.0,274.0,248.0,False,SOFT,6.0,False,Mercedes,2032.363,,1,,,,False,True
2205.116,RUS,63,79.507,7.0,3.0,,,27.908,17.413,34.186,2153.517,2170.93,2205.116,266.0,282.0,301.0,296.0,True,SOFT,7.0,False,Mercedes,2125.609,,1,,,,False,True
2891.335,RUS,63,,8.0,3.0,,2311.168,44.215,22.959,,2249.408,2272.449,,204.0,281.0,,240.0,False,SOFT,8.0,False,Mercedes,2205.116,,12,,,,False,False
3030.583,RUS,63,139.248,9.0,4.0,2916.384,,61.667,23.062,54.519,2953.002,2976.064,3030.583,254.0,171.0,274.0,197.0,False,SOFT,1.0,True,Mercedes,2891.335,,1,,,,False,False
3109.517,RUS,63,78.934,10.0,4.0,,,27.816,17.287,33.831,3058.399,3075.686,3109.517,273.0,285.0,301.0,294.0,True,SOFT,2.0,True,Mercedes,3030.583,,1,,,,False,True
3359.334,RUS,63,,11.0,4.0,,3204.879,33.193,20.833,,3142.827,3163.602,,252.0,263.0,,231.0,False,SOFT,3.0,True,Mercedes,3109.517,,1,,,,False,False
3467.988,RUS,63,108.654,12.0,5.0,3364.11,,48.833,20.916,38.905,3408.167,3429.083,3467.988,250.0,282.0,274.0,134.0,False,SOFT,4.0,False,Mercedes,3359.334,,1,,,,False,False
3546.975,RUS,63,78.987,13.0,5.0,,,27.662,17.426,33.899,3495.65,3513.076,3546.975,268.0,280.0,297.0,294.0,False,SOFT,5.0,False,Mercedes,3467.988,,1,,,,False,True
4352.018,RUS,63,,14.0,5.0,,3643.685,34.526,20.997,,3581.48,3602.482,,249.0,279.0,,212.0,False,SOFT,6.0,False,Mercedes,3546.975,,12,,,,False,False
4460.101,RUS,63,108.083,15.0,6.0,4356.744,,47.304,19.118,41.661,4399.322,4418.44,4460.101,256.0,282.0,278.0,144.0,False,SOFT,1.0,True,Mercedes,4352.018,,1,,,,False,False
4970.956,RUS,63,,16.0,6.0,,4557.248,27.522,,,4487.713,,,269.0,,,297.0,False,SOFT,2.0,True,Mercedes,4460.101,,152,,,,False,False
5075.583,RUS,63,,17.0,7.0,4970.956,,,21.85,44.759,,5030.847,5075.757,162.0,251.0,276.0,181.0,False,SOFT,2.0,False,Mercedes,4970.956,,1,,,,False,False
5154.667,RUS,63,79.084,18.0,7.0,,,27.674,17.488,33.922,5103.257,5120.745,5154.667,269.0,274.0,298.0,293.0,True,SOFT,3.0,False,Mercedes,5075.583,,1,,,,False,True
5321.689,RUS,63,,19.0,7.0,,5242.485,31.059,19.934,,5185.838,5205.791,,257.0,282.0,,265.0,False,SOFT,4.0,False,Mercedes,5154.667,,1,,,,False,False
5424.317,RUS,63,102.628,20.0,8.0,5326.192,,43.32,19.771,39.537,5365.009,5384.78,5424.317,255.0,268.0,278.0,125.0,False,SOFT,1.0,True,Mercedes,5321.689,,1,,,,False,False
5502.835,RUS,63,78.518,21.0,8.0,,,27.498,17.284,33.736,5451.815,5469.099,5502.835,267.0,284.0,296.0,296.0,True,SOFT,2.0,True,Mercedes,5424.317,,1,,,,False,True
5607.599,RUS,63,,22.0,8.0,,5607.599,33.644,23.366,,5536.545,5559.889,,228.0,218.0,,236.0,False,SOFT,3.0,True,Mercedes,5502.835,,1,,,,False,False
2089.014,ANT,12,119.979,1.0,1.0,1986.451,,57.486,20.671,41.822,2026.548,2047.204,2089.282,240.0,272.0,264.0,180.0,False,SOFT,1.0,True,Mercedes,1986.451,,1,,,,False,False
2169.134,ANT,12,80.12,2.0,1.0,,,28.214,17.61,34.296,2117.228,2134.838,2169.134,264.0,273.0,292.0,279.0,True,SOFT,2.0,True,Mercedes,2089.014,,1,,,,False,True
2277.628,ANT,12,108.494,3.0,1.0,,,35.026,24.129,49.339,2204.16,2228.289,2277.628,207.0,234.0,263.0,259.0,False,SOFT,3.0,True,Mercedes,2169.134,,1,,,,False,True
2357.917,ANT,12,80.289,4.0,1.0,,,28.414,17.745,34.13,2306.042,2323.787,2357.917,261.0,273.0,292.0,282.0,False,SOFT,4.0,True,Mercedes,2277.628,,1,,,,False,True
2882.851,ANT,12,,5.0,1.0,,2454.685,33.419,21.126,,2391.384,2412.48,,236.0,256.0,,236.0,False,SOFT,5.0,True,Mercedes,2357.917,,12,,,,False,False
3004.906,ANT,12,122.055,6.0,2.0,2899.626,,59.75,19.667,42.638,2942.601,2962.268,3004.906,240.0,275.0,277.0,175.0,False,SOFT,1.0,True,Mercedes,2882.851,,1,,,,False,False
3084.51,ANT,12,79.604,7.0,2.0,,,27.908,17.495,34.201,3032.814,3050.309,3084.51,273.0,278.0,299.0,294.0,True,SOFT,2.0,True,Mercedes,3004.906,,1,,,,False,True
3353.586,ANT,12,,8.0,2.0,,3189.374,36.062,23.975,,3120.659,3144.562,,229.0,257.0,,285.0,False,SOFT,3.0,True,Mercedes,3084.51,,1,,,,False,False
3455.793,ANT,12,102.207,9.0,3.0,3356.888,,42.908,19.645,39.654,3396.494,3416.139,3455.793,246.0,281.0,274.0,157.0,False,SOFT,4.0,False,Mercedes,3353.586,,1,,,,False,False
3535.228,ANT,12,79.435,10.0,3.0,,,28.002,17.497,33.936,3483.795,3501.292,3535.228,279.0,285.0,292.0,286.0,True,SOFT,5.0,False,Mercedes,3455.793,,1,,,,False,True
4347.734,ANT,12,,11.0,3.0,,3641.123,42.834,21.402,,3578.151,3599.582,,229.0,272.0,,257.0,False,SOFT,6.0,False,Mercedes,3535.228,,12,,,,False,False
4450.463,ANT,12,102.729,12.0,4.0,4350.463,,41.705,19.802,41.222,4389.439,4409.241,4450.463,242.0,251.0,269.0,167.0,False,SOFT,1.0,True,Mercedes,4347.734,,1,,,,False,False
4964.909,ANT,12,,13.0,4.0,,4548.952,27.637,,,4478.245,,,275.0,,,290.0,False,SOFT,2.0,True,Mercedes,4450.463,,152,,,,False,False
5063.288,ANT,12,,14.0,5.0,4964.909,,,20.849,40.285,,5023.003,5063.409,241.0,248.0,270.0,193.0,False,SOFT,2.0,False,Mercedes,4964.909,,1,,,,False,False
5295.643,ANT,12,,15.0,5.0,,5158.949,33.411,25.69,,5096.728,5122.386,,244.0,276.0,,289.0,False,SOFT,3.0,False,Mercedes,5063.288,,1,,,,False,False
5392.554,ANT,12,96.911,16.0,6.0,5298.391,,37.877,19.532,39.502,5333.52,5353.052,5392.554,249.0,270.0,272.0,201.0,False,SOFT,1.0,True,Mercedes,5295.643,,1,,,,False,False
5471.365,ANT,12,78.811,17.0,6.0,,,27.556,17.44,33.815,5420.11,5437.55,5471.365,272.0,274.0,298.0,289.0,True,SOFT,2.0,True,Mercedes,5392.554,,1,,,,False,True
5575.374,ANT,12,,18.0,6.0,,5575.374,33.233,24.05,,5504.633,5528.737,,238.0,251.0,,252.0,False,SOFT,3.0,True,Mercedes,5471.365,,1,,,,False,False
1144.324,HAD,6,108.799,1.0,1.0,1037.791,,41.25,19.672,47.877,1076.791,1096.447,1144.479,247.0,288.0,281.0,176.0,False,SOFT,1.0,True,Red Bull Racing,1037.791,,1,,,,False,False
1224.769,HAD,6,80.445,2.0,1.0,,,28.2,17.919,34.326,1172.524,1190.443,1224.769,284.0,268.0,310.0,301.0,True,SOFT,2.0,True,Red Bull Racing,1144.324,,1,,,,False,True
2121.885,HAD,6,,3.0,1.0,,1330.492,39.694,24.509,,1264.46,1289.023,,213.0,250.0,,251.0,False,SOFT,3.0,True,Red Bull Racing,1224.769,,125,,,,False,False
2242.651,HAD,6,120.766,4.0,2.0,2126.576,,49.159,19.801,51.806,2171.044,2190.845,2242.651,245.0,276.0,279.0,141.0,False,SOFT,4.0,False,Red Bull Racing,2126.576,,1,,,,False,False
2322.674,HAD,6,80.023,5.0,2.0,,,28.076,17.558,34.389,2270.727,2288.285,2322.674,261.0,280.0,303.0,302.0,True,SOFT,5.0,False,Red Bull Racing,2242.651,,1,,,,False,True
2963.364,HAD,6,,6.0,2.0,,2425.25,37.219,25.138,,2360.025,2385.134,,230.0,272.0,,192.0,False,SOFT,6.0,False,Red Bull Racing,2322.674,,12,,,,False,False
3071.627,HAD,6,108.263,7.0,3.0,2965.48,,40.601,19.895,47.767,3003.965,3023.86,3071.627,247.0,289.0,281.0,159.0,False,SOFT,1.0,True,Red Bull Racing,2963.364,,1,,,,False,False
3151.333,HAD,6,79.706,8.0,3.0,,,27.798,17.735,34.173,3099.425,3117.16,3151.333,288.0,270.0,307.0,302.0,True,SOFT,2.0,True,Red Bull Racing,3071.627,,1,,,,False,True
3499.056,HAD,6,,9.0,3.0,,3251.729,37.48,22.217,,3188.937,3211.062,,235.0,258.0,,236.0,False,SOFT,3.0,True,Red Bull Racing,3151.333,,1,,,,False,False
3609.073,HAD,6,110.017,10.0,4.0,3503.729,,43.03,21.74,45.247,3542.086,3563.826,3609.073,247.0,278.0,279.0,171.0,False,SOFT,4.0,False,Red Bull Racing,3499.056,,1,,,,False,False
3688.726,HAD,6,79.653,11.0,4.0,,,27.899,17.564,34.19,3636.972,3654.536,3688.726,268.0,279.0,305.0,301.0,True,SOFT,5.0,False,Red Bull Racing,3609.073,,1,,,,False,True
4458.213,HAD,6,,12.0,4.0,,3789.133,36.812,22.939,,3725.607,3748.539,,217.0,272.0,,296.0,False,SOFT,6.0,False,Red Bull Racing,3688.726,,12,,,,False,False
4975.722,HAD,6,,13.0,5.0,4458.213,4569.889,39.05,,,4495.057,,,250.0,,,185.0,False,SOFT,1.0,True,Red Bull Racing,4458.213,,152,,,,False,False
5081.542,HAD,6,,14.0,6.0,4975.722,,,22.547,43.443,,5038.159,5081.572,240.0,249.0,281.0,170.0,False,SOFT,1.0,False,Red Bull Racing,4975.722,,1,,,,False,False
5161.167,HAD,6,79.625,15.0,6.0,,,27.852,17.453,34.32,5109.394,5126.847,5161.167,261.0,280.0,304.0,302.0,True,SOFT,2.0,False,Red Bull Racing,5081.542,,1,,,,False,True
5361.826,HAD,6,,16.0,6.0,,5250.891,31.985,20.227,,5193.213,5213.375,,245.0,282.0,,259.0,False,SOFT,3.0,False,Red Bull Racing,5161.167,,1,,,,False,False
5470.706,HAD,6,108.88,17.0,7.0,5369.582,,47.558,22.152,39.17,5409.384,5431.536,5470.706,246.0,246.0,283.0,168.0,False,SOFT,1.0,True,Red Bull Racing,5361.826,,1,,,,False,False
5550.009,HAD,6,79.303,18.0,7.0,,,27.747,17.52,34.036,5498.453,5515.973,5550.009,260.0,277.0,304.0,305.0,True,SOFT,2.0,True,Red Bull Racing,5470.706,,1,,,,False,True
5659.934,HAD,6,,19.0,7.0,,5659.934,38.304,22.914,,5588.296,5611.255,,213.0,227.0,,262.0,False,SOFT,3.0,True,Red Bull Racing,5550.009,,1,,,,False,False
1105.305,LEC,16,111.48,1.0,1.0,997.794,,43.936,20.576,46.968,1037.822,1058.447,1105.572,237.0,272.0,281.0,141.0,False,MEDIUM,1.0,True,Ferrari,997.794,,1,,,,False,False
1186.017,LEC,16,80.712,2.0,1.0,,,28.361,17.661,34.69,1133.666,1151.327,1186.017,262.0,284.0,301.0,294.0,True,MEDIUM,2.0,True,Ferrari,1105.305,,1,,,,False,True
1293.935,LEC,16,107.918,3.0,1.0,,,36.526,23.713,47.679,1222.543,1246.256,1293.935,182.0,180.0,279.0,260.0,False,MEDIUM,3.0,True,Ferrari,1186.017,,1,,,,False,True
1374.161,LEC,16,80.226,4.0,1.0,,,28.211,17.611,34.404,1322.146,1339.757,1374.161,263.0,290.0,299.0,293.0,True,MEDIUM,4.0,True,Ferrari,1293.935,,1,,,,False,True
1981.553,LEC,16,,5.0,1.0,,1492.486,,,,,,,,,,245.0,False,MEDIUM,5.0,True,Ferrari,1374.161,,125,,,,False,False
2094.935,LEC,16,113.382,6.0,2.0,1994.513,,51.732,20.232,41.418,2033.285,2053.517,2094.935,246.0,268.0,281.0,154.0,False,MEDIUM,6.0,False,Ferrari,1994.513,,1,,,,False,False
2808.678,LEC,16,,7.0,2.0,,2195.533,34.873,23.527,,2129.889,2153.439,,127.0,250.0,,294.0,False,MEDIUM,7.0,False,Ferrari,2094.935,,12,,,,False,False
2910.346,LEC,16,,8.0,3.0,2808.678,,93.719,20.816,38.328,2851.264,2872.127,2910.348,242.0,265.0,283.0,97.0,False,SOFT,1.0,True,Ferrari,2808.678,,1,,,,False,False
2990.434,LEC,16,80.088,9.0,3.0,,,28.049,17.687,34.352,2938.395,2956.082,2990.434,272.0,278.0,300.0,294.0,True,SOFT,2.0,True,Ferrari,2910.346,,1,,,,False,True
3097.079,LEC,16,106.645,10.0,3.0,,,36.817,26.393,43.435,3027.251,3053.644,3097.079,195.0,221.0,307.0,263.0,False,SOFT,3.0,True,Ferrari,2990.434,,1,,,,False,True
3193.543,LEC,16,96.464,11.0,3.0,,,31.125,23.424,41.915,3128.204,3151.628,3193.543,248.0,201.0,280.0,274.0,False,SOFT,4.0,True,Ferrari,3097.079,,1,,,,False,True
3273.839,LEC,16,80.296,12.0,3.0,,,28.069,17.625,34.602,3221.612,3239.237,3273.839,263.0,280.0,296.0,294.0,False,SOFT,5.0,True,Ferrari,3193.543,,1,,,,False,True
3480.216,LEC,16,,13.0,3.0,,3361.735,31.297,19.952,,3305.171,3325.118,,251.0,274.0,,262.0,False,SOFT,6.0,True,Ferrari,3273.839,,1,,,,False,False
3575.75,LEC,16,95.534,14.0,4.0,3482.51,,38.306,20.054,37.174,3518.522,3538.576,3575.75,252.0,272.0,283.0,146.0,False,SOFT,1.0,True,Ferrari,3480.216,,1,,,,False,False
3655.107,LEC,16,79.357,15.0,4.0,,,27.679,17.527,34.151,3603.429,3620.956,3655.107,265.0,281.0,299.0,295.0,True,SOFT,2.0,True,Ferrari,3575.75,,1,,,,False,True
4326.852,LEC,16,,16.0,4.0,,3746.898,32.339,20.298,,3687.455,3707.686,,246.0,274.0,,266.0,False,SOFT,3.0,True,Ferrari,3655.107,,12,,,,False,False
4444.729,LEC,16,117.877,17.0,5.0,4336.229,,54.408,21.224,42.245,4381.26,4402.484,4444.729,242.0,247.0,286.0,153.0,False,SOFT,1.0,True,Ferrari,4326.852,,1,,,,False,False
4980.695,LEC,16,,18.0,5.0,,4551.658,31.253,,,4475.916,,,,,,253.0,False,SOFT,2.0,True,Ferrari,4444.729,,152,,,,False,False
5097.832,LEC,16,117.137,19.0,6.0,4990.835,,50.027,21.373,45.737,5030.722,5052.095,5097.832,236.0,242.0,279.0,187.0,False,SOFT,3.0,False,Ferrari,4990.835,,1,,,,False,False
5178.076,LEC,16,80.244,20.0,6.0,,,28.225,17.64,34.379,5126.057,5143.697,5178.076,264.0,286.0,298.0,291.0,True,SOFT,4.0,False,Ferrari,5097.832,,1,,,,False,True
5359.882,LEC,16,,21.0,6.0,,5267.782,30.696,19.942,,5208.902,5228.829,,251.0,274.0,,253.0,False,SOFT,5.0,False,Ferrari,5178.076,,1,,,,False,False
5458.334,LEC,16,98.452,22.0,7.0,5364.254,,40.728,19.974,37.75,5400.61,5420.584,5458.334,252.0,254.0,283.0,119.0,False,SOFT,1.0,True,Ferrari,5359.882,,1,,,,False,False
5537.661,LEC,16,79.327,23.0,7.0,,,27.761,17.505,34.061,5486.095,5503.6,5537.661,265.0,284.0,300.0,295.0,True,SOFT,2.0,True,Ferrari,5458.334,,1,,,,False,True
976.665,PIA,81,121.546,1.0,1.0,863.3,,55.995,20.95,44.601,911.303,932.178,976.861,119.0,282.0,285.0,139.0,False,SOFT,1.0,True,McLaren,863.3,,1,,,,False,False
1057.217,PIA,81,80.552,2.0,1.0,,,28.413,17.592,34.547,1005.078,1022.67,1057.217,263.0,282.0,304.0,291.0,True,SOFT,2.0,True,McLaren,976.665,,1,,,,False,True
1168.042,PIA,81,110.825,3.0,1.0,,,37.464,24.329,49.032,1094.681,1119.01,1168.042,202.0,218.0,180.0,208.0,False,SOFT,3.0,True,McLaren,1057.217,,1,,,,False,True
1273.342,PIA,81,105.3,4.0,1.0,,,40.219,22.767,42.314,1208.261,1231.028,1273.342,241.0,274.0,286.0,172.0,False,SOFT,4.0,True,McLaren,1168.042,,1,,,,False,True
1353.614,PIA,81,80.272,5.0,1.0,,,28.037,17.825,34.41,1301.379,1319.204,1353.614,262.0,268.0,297.0,294.0,True,SOFT,5.0,True,McLaren,1273.342,,1,,,,False,True
1926.464,PIA,81,,6.0,1.0,,1464.908,35.125,,,1388.797,,,208.0,,,207.0,False,SOFT,6.0,True,McLaren,1353.614,,125,,,,False,False
2030.254,PIA,81,,7.0,2.0,1926.464,,,20.406,38.361,,1991.982,2030.532,250.0,269.0,275.0,140.0,False,SOFT,7.0,False,McLaren,1926.464,,1,,,,False,False
2119.228,PIA,81,88.974,8.0,2.0,,,30.781,20.043,38.15,2061.035,2081.078,2119.228,259.0,274.0,285.0,273.0,False,SOFT,8.0,False,McLaren,2030.254,,1,,,,False,True
2198.892,PIA,81,79.664,9.0,2.0,,,27.947,17.684,34.033,2147.175,2164.859,2198.892,264.0,272.0,300.0,292.0,True,SOFT,9.0,False,McLaren,2119.228,,1,,,,False,True
2866.459,PIA,81,,10.0,2.0,,2300.199,36.822,21.22,,2235.751,2257.127,,213.0,275.0,,268.0,False,SOFT,10.0,False,McLaren,2198.892,,12,,,,False,False
2982.977,PIA,81,116.518,11.0,3.0,2878.93,,57.131,19.974,39.413,2923.59,2943.564,2982.977,261.0,274.0,274.0,133.0,False,SOFT,1.0,True,McLaren,2866.459,,1,,,,False,False
3087.727,PIA,81,104.75,12.0,3.0,,,31.529,19.824,53.397,3014.506,3034.33,3087.727,266.0,286.0,288.0,272.0,True,SOFT,2.0,True,McLaren,2982.977,,1,,,,False,True
3167.309,PIA,81,79.582,13.0,3.0,,,28.042,17.537,34.003,3115.769,3133.306,3167.309,262.0,281.0,306.0,297.0,True,SOFT,3.0,True,McLaren,3087.727,,1,,,,False,True
3368.456,PIA,81,,14.0,3.0,,3262.693,34.598,21.576,,3202.027,3223.638,,213.0,275.0,,195.0,False,SOFT,4.0,True,McLaren,3167.309,,1,,,,False,False
3475.123,PIA,81,106.667,15.0,4.0,3373.188,,45.759,20.092,40.816,3414.215,3434.307,3475.123,257.0,273.0,286.0,169.0,False,SOFT,5.0,False,McLaren,3368.456,,1,,,,False,False
3554.648,PIA,81,79.525,16.0,4.0,,,27.811,17.594,34.12,3502.934,3520.528,3554.648,261.0,272.0,306.0,291.0,True,SOFT,6.0,False,McLaren,3475.123,,1,,,,False,True
4305.332,PIA,81,,17.0,4.0,,3649.889,35.135,21.09,,3589.832,3610.951,,218.0,274.0,,245.0,False,SOFT,7.0,False,McLaren,3554.648,,12,,,,False,False
4404.016,PIA,81,,18.0,5.0,4305.332,,,20.205,39.33,,4364.728,4404.072,261.0,272.0,274.0,172.0,False,SOFT,1.0,True,McLaren,4305.332,,1,,,,False,False
4494.073,PIA,81,90.057,19.0,5.0,,,31.186,19.99,38.881,4435.202,4455.192,4494.073,262.0,273.0,286.0,278.0,True,SOFT,2.0,True,McLaren,4404.016,,1,,,,False,True
4981.175,PIA,81,,20.0,5.0,,4612.423,,,,,,,,,,,False,SOFT,3.0,True,McLaren,4494.073,,152,,,,False,False
5089.533,PIA,81,,21.0,6.0,4981.175,,,20.068,47.4,,5042.16,5089.728,252.0,275.0,285.0,176.0,False,SOFT,1.0,False,McLaren,4981.175,,1,,,,False,False
5169.855,PIA,81,80.322,22.0,6.0,,,28.196,17.565,34.561,5117.729,5135.294,5169.855,265.0,275.0,303.0,294.0,True,SOFT,2.0,False,McLaren,5089.533,,1,,,,False,True
5354.066,PIA,81,,23.0,6.0,,5257.704,31.041,20.45,,5201.025,5221.386,,253.0,274.0,,286.0,False,SOFT,3.0,False,McLaren,5169.855,,1,,,,False,False
5449.32,PIA,81,95.254,24.0,7.0,5356.707,,37.343,20.017,37.894,5391.409,5411.426,5449.32,256.0,270.0,285.0,171.0,False,SOFT,1.0,True,McLaren,5354.066,,1,,,,False,False
5528.7,PIA,81,79.38,25.0,7.0,,,27.737,17.655,33.988,5477.057,5494.712,5528.7,263.0,265.0,298.0,294.0,True,SOFT,2.0,True,McLaren,5449.32,,1,,,,False,True
969.95,NOR,1,126.258,1.0,1.0,853.07,,61.485,20.141,44.632,905.242,925.475,970.217,259.0,277.0,279.0,117.0,False,SOFT,1.0,True,McLaren,853.07,,1,,,,False,False
1051.182,NOR,1,81.232,2.0,1.0,,,28.774,17.849,34.609,998.724,1016.573,1051.182,263.0,277.0,295.0,289.0,True,SOFT,2.0,True,McLaren,969.95,,1,,,,False,True
1160.906,NOR,1,109.724,3.0,1.0,,,38.668,22.908,48.148,1089.85,1112.758,1160.906,211.0,244.0,279.0,240.0,False,SOFT,3.0,True,McLaren,1051.182,,1,,,,False,True
1258.39,NOR,1,97.484,4.0,1.0,,,33.785,20.231,43.468,1194.691,1214.922,1258.39,212.0,274.0,275.0,250.0,False,SOFT,4.0,True,McLaren,1160.906,,1,,,,False,True
1338.838,NOR,1,80.448,5.0,1.0,,,28.195,17.929,34.324,1286.585,1304.514,1338.838,271.0,260.0,301.0,288.0,True,SOFT,5.0,True,McLaren,1258.39,,1,,,,False,True
1907.118,NOR,1,,6.0,1.0,,1444.642,33.518,,,1372.52,,,218.0,,,250.0,False,SOFT,6.0,True,McLaren,1338.838,,125,,,,False,False
2005.536,NOR,1,,7.0,2.0,1907.118,,,20.382,37.64,,1968.007,2005.782,251.0,270.0,257.0,174.0,False,SOFT,7.0,False,McLaren,1907.118,,1,,,,False,False
2100.59,NOR,1,95.054,8.0,2.0,,,30.482,19.839,44.733,2036.018,2055.857,2100.59,257.0,274.0,281.0,243.0,False,SOFT,8.0,False,McLaren,2005.536,,1,,,,False,True
2193.392,NOR,1,92.802,9.0,2.0,,,29.799,22.215,40.788,2130.389,2152.604,2193.392,240.0,253.0,280.0,290.0,False,SOFT,9.0,False,McLaren,2100.59,,1,,,,False,True
2273.402,NOR,1,80.01,10.0,2.0,,,28.019,17.765,34.226,2221.411,2239.176,2273.402,259.0,270.0,299.0,290.0,True,SOFT,10.0,False,McLaren,2193.392,,1,,,,False,True
2821.936,NOR,1,,11.0,2.0,,2399.189,65.513,20.772,,2338.949,2359.713,,194.0,273.0,,255.0,False,SOFT,11.0,False,McLaren,2273.402,,12,,,,False,False
2940.244,NOR,1,118.308,12.0,3.0,2832.151,,60.129,20.055,38.124,2882.065,2902.12,2940.244,262.0,273.0,275.0,100.0,False,SOFT,1.0,True,McLaren,2821.936,,1,,,,False,False
3038.251,NOR,1,98.007,13.0,3.0,,,29.931,19.674,48.402,2970.175,2989.849,3038.251,255.0,273.0,282.0,281.0,True,SOFT,2.0,True,McLaren,2940.244,,1,,,,False,True
3118.133,NOR,1,79.882,14.0,3.0,,,27.903,17.642,34.337,3066.154,3083.796,3118.133,266.0,275.0,300.0,289.0,True,SOFT,3.0,True,McLaren,3038.251,,1,,,,False,True
3374.145,NOR,1,,15.0,3.0,,3212.958,32.903,21.581,,3151.213,3172.702,,236.0,251.0,,251.0,False,SOFT,4.0,True,McLaren,3118.133,,1,,,,False,False
3485.161,NOR,1,111.016,16.0,4.0,3382.266,,47.139,19.803,44.074,3421.284,3441.087,3485.161,257.0,274.0,279.0,144.0,False,SOFT,5.0,False,McLaren,3374.145,,1,,,,False,False
3565.07,NOR,1,79.909,17.0,4.0,,,27.798,17.804,34.307,3512.959,3530.763,3565.07,264.0,266.0,294.0,290.0,False,SOFT,6.0,False,McLaren,3485.161,,1,,,,False,True
4384.001,NOR,1,,18.0,4.0,,3662.685,33.728,24.045,,3598.832,3622.998,,217.0,234.0,,243.0,False,SOFT,7.0,False,McLaren,3565.07,,12,,,,False,False
4480.256,NOR,1,96.255,19.0,5.0,4386.557,,37.049,20.101,39.105,4421.05,4441.151,4480.256,253.0,270.0,282.0,204.0,False,SOFT,1.0,True,McLaren,4384.001,,1,,,,False,False
5004.469,NOR,1,,20.0,5.0,,4587.999,,,,,,,,,,293.0,False,SOFT,2.0,True,McLaren,4480.256,,152,,,,False,False
5118.976,NOR,1,114.507,21.0,6.0,5011.91,,45.063,19.971,49.473,5049.532,5069.503,5118.976,248.0,272.0,280.0,171.0,False,SOFT,3.0,False,McLaren,5011.91,,1,,,,False,False
5198.581,NOR,1,79.605,22.0,6.0,,,27.954,17.574,34.077,5146.93,5164.504,5198.581,264.0,276.0,299.0,287.0,True,SOFT,4.0,False,McLaren,5118.976,,1,,,,False,True
5364.007,NOR,1,,23.0,6.0,,5290.173,32.617,21.218,,5231.25,5252.407,,239.0,255.0,,245.0,False,SOFT,5.0,False,McLaren,5198.581,,1,,,,False,False
5480.61,NOR,1,116.603,24.0,7.0,5376.129,,52.21,23.462,40.931,5416.217,5439.679,5480.61,258.0,273.0,283.0,105.0,False,SOFT,1.0,True,McLaren,5364.007,,1,,,,False,False
5560.085,NOR,1,79.475,25.0,7.0,,,27.754,17.568,34.153,5508.364,5525.932,5560.085,267.0,276.0,299.0,291.0,True,SOFT,2.0,True,McLaren,5480.61,,1,,,,False,True
982.11,HAM,44,108.17,1.0,1.0,881.137,,48.079,20.037,40.054,922.116,942.123,982.408,244.0,274.0,282.0,173.0,False,MEDIUM,1.0,True,Ferrari,881.137,,1,,,,False,False
1062.962,HAM,44,80.852,2.0,1.0,,,28.296,17.795,34.761,1010.406,1028.201,1062.962,263.0,286.0,305.0,289.0,True,MEDIUM,2.0,True,Ferrari,982.11,,1,,,,False,True
1170.004,HAM,44,107.042,3.0,1.0,,,39.29,24.64,43.112,1102.252,1126.892,1170.004,199.0,221.0,285.0,215.0,False,MEDIUM,3.0,True,Ferrari,1062.962,,1,,,,False,True
1264.818,HAM,44,94.814,4.0,1.0,,,33.467,19.279,42.068,1203.471,1222.75,1264.818,226.0,290.0,280.0,289.0,False,MEDIUM,4.0,True,Ferrari,1170.004,,1,,,,False,True
1345.239,HAM,44,80.421,5.0,1.0,,,28.259,17.657,34.505,1293.077,1310.734,1345.239,262.0,288.0,301.0,285.0,True,MEDIUM,5.0,True,Ferrari,1264.818,,1,,,,False,True
1956.815,HAM,44,,6.0,1.0,,1458.252,37.224,,,1382.52,,,203.0,,,205.0,False,MEDIUM,6.0,True,Ferrari,1345.239,,125,,,,False,False
2076.282,HAM,44,119.467,7.0,2.0,1975.68,,59.143,20.038,40.286,2015.958,2035.996,2076.282,248.0,269.0,278.0,162.0,False,MEDIUM,7.0,False,Ferrari,1975.68,,1,,,,False,False
2156.093,HAM,44,79.811,8.0,2.0,,,27.944,17.609,34.258,2104.226,2121.835,2156.093,265.0,283.0,304.0,295.0,True,MEDIUM,8.0,False,Ferrari,2076.282,,1,,,,False,True
2753.628,HAM,44,,9.0,2.0,,2254.189,34.539,23.061,,2190.55,2213.658,,208.0,240.0,,232.0,False,MEDIUM,9.0,False,Ferrari,2156.093,,12,,,,False,False
2903.359,HAM,44,149.731,10.0,3.0,2804.707,,87.865,19.648,42.218,2841.493,2861.141,2903.359,244.0,282.0,276.0,188.0,False,SOFT,1.0,True,Ferrari,2753.628,,1,,,,False,False
2999.46,HAM,44,96.101,11.0,3.0,,,27.839,22.338,45.924,2931.198,2953.536,2999.46,277.0,190.0,228.0,303.0,True,SOFT,2.0,True,Ferrari,2903.359,,1,,,,False,True
3103.281,HAM,44,103.821,12.0,3.0,,,34.591,20.41,48.82,3034.051,3054.461,3103.281,199.0,303.0,280.0,231.0,True,SOFT,3.0,True,Ferrari,2999.46,,1,,,,False,True
3350.241,HAM,44,,13.0,3.0,,3187.835,27.696,19.5,,3131.021,3150.554,,269.0,252.0,,309.0,False,SOFT,4.0,True,Ferrari,3103.281,,1,,,,False,False
3444.886,HAM,44,94.645,14.0,4.0,3352.623,,36.667,19.324,38.654,3386.908,3406.232,3444.886,248.0,277.0,278.0,201.0,False,SOFT,1.0,True,Ferrari,3350.241,,1,,,,False,False
3524.807,HAM,44,79.921,15.0,4.0,,,27.976,17.63,34.315,3472.862,3490.492,3524.807,264.0,284.0,301.0,293.0,True,SOFT,2.0,True,Ferrari,3444.886,,1,,,,False,True
3635.918,HAM,44,111.111,16.0,4.0,,,36.103,23.437,51.571,3560.91,3584.347,3635.918,226.0,237.0,279.0,236.0,False,SOFT,3.0,True,Ferrari,3524.807,,1,,,,False,True
4318.1,HAM,44,,17.0,4.0,,3728.873,31.955,19.557,,3667.982,3687.473,,247.0,279.0,,296.0,False,SOFT,4.0,True,Ferrari,3635.918,,12,,,,False,False
4435.588,HAM,44,117.488,18.0,5.0,4329.807,,53.324,20.885,43.279,4371.424,4392.309,4435.588,239.0,246.0,279.0,170.0,False,SOFT,1.0,True,Ferrari,4318.1,,1,,,,False,False
4994.303,HAM,44,,19.0,5.0,,4538.955,30.986,24.412,,4466.635,4490.948,,234.0,247.0,,295.0,False,SOFT,2.0,True,Ferrari,4435.588,,152,,,,False,False
5111.087,HAM,44,116.784,20.0,6.0,5002.237,,46.7,22.913,47.171,5041.003,5063.916,5111.087,238.0,207.0,272.0,176.0,False,SOFT,3.0,False,Ferrari,5002.237,,1,,,,False,False
5191.51,HAM,44,80.423,21.0,6.0,,,28.405,17.604,34.414,5139.492,5157.096,5191.51,265.0,284.0,300.0,291.0,True,SOFT,4.0,False,Ferrari,5111.087,,1,,,,False,True
5366.902,HAM,44,,22.0,6.0,,5278.282,31.404,19.872,,5222.954,5242.829,,242.0,277.0,,245.0,False,SOFT,5.0,False,Ferrari,5191.51,,1,,,,False,False
5487.563,HAM,44,120.661,23.0,7.0,5388.536,,62.582,19.741,38.338,5429.484,5449.225,5487.563,244.0,263.0,281.0,137.0,False,SOFT,1.0,True,Ferrari,5366.902,,1,,,,False,False
5567.041,HAM,44,79.478,24.0,7.0,,,27.756,17.57,34.152,5515.319,5532.889,5567.041,275.0,282.0,301.0,296.0,True,SOFT,2.0,True,Ferrari,5487.563,,1,,,,False,True
934.132,LAW,30,134.069,1.0,1.0,820.468,,72.104,20.772,41.193,872.347,893.016,934.429,233.0,247.0,285.0,78.0,False,SOFT,1.0,True,Racing Bulls,820.468,,1,,,,False,False
1015.432,LAW,30,81.3,2.0,1.0,,,28.831,17.639,34.83,962.963,980.602,1015.432,255.0,298.0,309.0,303.0,True,SOFT,2.0,True,Racing Bulls,934.132,,1,,,,False,True
1121.561,LAW,30,106.129,3.0,1.0,,,34.14,26.01,45.979,1049.572,1075.582,1121.561,196.0,210.0,229.0,294.0,False,SOFT,3.0,True,Racing Bulls,1015.432,,1,,,,False,True
1227.682,LAW,30,106.121,4.0,1.0,,,38.501,21.468,46.152,1160.062,1181.53,1227.682,228.0,286.0,284.0,236.0,False,SOFT,4.0,True,Racing Bulls,1121.561,,1,,,,False,True
1919.23,LAW,30,,5.0,1.0,,1322.086,32.808,20.351,,1260.538,1280.945,,240.0,257.0,,303.0,False,SOFT,5.0,True,Racing Bulls,1227.682,,125,,,,False,False
2027.143,LAW,30,,6.0,2.0,1919.23,,,21.003,40.173,,1987.091,2027.423,236.0,256.0,287.0,82.0,False,SOFT,1.0,True,Racing Bulls,1919.23,,1,,,,False,False
2107.742,LAW,30,80.599,7.0,2.0,,,28.473,17.563,34.563,2055.616,2073.179,2107.742,261.0,297.0,307.0,304.0,True,SOFT,2.0,True,Racing Bulls,2027.143,,1,,,,False,True
2215.246,LAW,30,107.504,8.0,2.0,,,35.266,28.574,43.664,2143.008,2171.582,2215.246,182.0,210.0,285.0,288.0,False,SOFT,3.0,True,Racing Bulls,2107.742,,1,,,,False,True
2295.737,LAW,30,80.491,9.0,2.0,,,28.452,17.551,34.488,2243.698,2261.249,2295.737,260.0,297.0,307.0,302.0,True,SOFT,4.0,True,Racing Bulls,2215.246,,1,,,,False,True
2830.824,LAW,30,,10.0,2.0,,2397.05,35.672,21.807,,2331.435,2353.385,,228.0,245.0,,289.0,False,SOFT,5.0,True,Racing Bulls,2295.737,,12,,,,False,False
2961.919,LAW,30,131.095,11.0,3.0,2848.132,,69.464,20.938,40.693,2900.288,2921.226,2961.919,235.0,260.0,263.0,77.0,False,SOFT,1.0,True,Racing Bulls,2830.824,,1,,,,False,False
3055.618,LAW,30,93.699,12.0,3.0,,,31.907,21.598,40.194,2993.826,3015.424,3055.618,243.0,267.0,287.0,247.0,True,SOFT,2.0,True,Racing Bulls,2961.919,,1,,,,False,True
3135.762,LAW,30,80.144,13.0,3.0,,,28.198,17.449,34.497,3083.816,3101.265,3135.762,261.0,296.0,306.0,304.0,True,SOFT,3.0,True,Racing Bulls,3055.618,,1,,,,False,True
3410.855,LAW,30,,14.0,3.0,,3231.184,33.56,21.888,,3169.471,3191.249,,239.0,242.0,,287.0,False,SOFT,4.0,True,Racing Bulls,3135.762,,1,,,,False,False
3526.527,LAW,30,115.672,15.0,4.0,3415.429,,52.582,20.882,42.208,3463.437,3484.319,3526.527,241.0,263.0,279.0,84.0,False,SOFT,1.0,True,Racing Bulls,3410.855,,1,,,,False,False
3630.148,LAW,30,103.621,16.0,4.0,,,31.882,20.865,50.874,3558.409,3579.274,3630.148,243.0,280.0,286.0,229.0,False,SOFT,2.0,True,Racing Bulls,3526.527,,1,,,,False,True
3710.359,LAW,30,80.211,17.0,4.0,,,28.499,17.36,34.352,3658.647,3676.007,3710.359,261.0,301.0,312.0,303.0,False,SOFT,3.0,True,Racing Bulls,3630.148,,1,,,,False,True
4310.666,LAW,30,,18.0,4.0,,3836.755,35.817,22.706,,3746.258,3768.945,,203.0,223.0,,223.0,False,SOFT,4.0,True,Racing Bulls,3710.359,,12,,,,False,False
4414.963,LAW,30,,19.0,5.0,4310.666,,,20.758,40.08,,4374.947,4414.963,234.0,251.0,276.0,113.0,False,SOFT,5.0,False,Racing Bulls,4310.666,,1,,,,False,False
5311.16,LAW,30,,20.0,5.0,,4509.807,32.331,19.937,,4447.416,4467.26,,245.0,280.0,,260.0,False,SOFT,6.0,False,Racing Bulls,4414.963,,152,,,,False,False
5417.764,LAW,30,106.604,21.0,6.0,5315.532,,44.891,21.177,40.536,5356.051,5377.228,5417.764,236.0,270.0,270.0,144.0,False,SOFT,1.0,True,Racing Bulls,5315.532,,1,,,,False,False
5511.218,LAW,30,93.454,22.0,6.0,,,32.08,21.726,39.648,5449.844,5471.57,5511.218,244.0,289.0,289.0,264.0,True,SOFT,2.0,True,Racing Bulls,5417.764,,1,,,,False,True
5591.212,LAW,30,79.994,23.0,6.0,,,28.206,17.395,34.393,5539.424,5556.819,5591.212,259.0,297.0,318.0,306.0,True,SOFT,3.0,True,Racing Bulls,5511.218,,1,,,,False,True
927.805,LIN,41,132.239,1.0,1.0,811.421,,68.379,20.899,42.961,864.081,885.031,928.1,227.0,240.0,277.0,71.0,False,SOFT,1.0,True,Racing Bulls,811.421,,1,,,,False,False
1008.813,LIN,41,81.008,2.0,1.0,,,28.767,17.559,34.682,956.572,974.131,1008.813,257.0,299.0,310.0,296.0,True,SOFT,2.0,True,Racing Bulls,927.805,,1,,,,False,True
1115.264,LIN,41,106.451,3.0,1.0,,,35.803,23.748,46.9,1044.616,1068.364,1115.264,202.0,217.0,237.0,247.0,False,SOFT,3.0,True,Racing Bulls,1008.813,,1,,,,False,True
1221.114,LIN,41,105.85,4.0,1.0,,,38.017,23.464,44.369,1153.281,1176.745,1221.114,222.0,277.0,274.0,228.0,False,SOFT,4.0,True,Racing Bulls,1115.264,,1,,,,False,True
1301.523,LIN,41,80.409,5.0,1.0,,,28.487,17.454,34.468,1249.601,1267.055,1301.523,258.0,299.0,302.0,296.0,True,SOFT,5.0,True,Racing Bulls,1221.114,,1,,,,False,True
1910.922,LIN,41,,6.0,1.0,,1400.861,34.834,21.646,,1336.395,1358.082,,211.0,268.0,,252.0,False,SOFT,6.0,True,Racing Bulls,1301.523,,125,,,,False,False
2020.881,LIN,41,,7.0,2.0,1910.922,,,21.257,40.781,,1980.173,2021.095,233.0,260.0,278.0,104.0,False,SOFT,1.0,True,Racing Bulls,1910.922,,1,,,,False,False
2101.994,LIN,41,81.113,8.0,2.0,,,29.12,17.48,34.513,2050.001,2067.481,2101.994,260.0,298.0,308.0,295.0,False,SOFT,2.0,True,Racing Bulls,2020.881,,1,,,,False,True
2204.79,LIN,41,102.796,9.0,2.0,,,35.761,22.905,44.13,2137.755,2160.66,2204.79,217.0,249.0,277.0,280.0,False,SOFT,3.0,True,Racing Bulls,2101.994,,1,,,,False,True
2285.226,LIN,41,80.436,10.0,2.0,,,28.233,17.546,34.657,2233.023,2250.569,2285.226,258.0,292.0,292.0,297.0,False,SOFT,4.0,True,Racing Bulls,2204.79,,1,,,,False,True
2825.598,LIN,41,,11.0,2.0,,2391.212,36.359,23.715,,2321.574,2345.356,,212.0,147.0,,252.0,False,SOFT,5.0,True,Racing Bulls,2285.226,,12,,,,False,False
2953.589,LIN,41,127.991,12.0,3.0,2838.434,,67.61,20.674,39.707,2893.208,2913.882,2953.589,236.0,256.0,262.0,72.0,False,SOFT,1.0,True,Racing Bulls,2825.598,,1,,,,False,False
3047.538,LIN,41,93.949,13.0,3.0,,,32.34,20.07,41.539,2985.929,3005.999,3047.538,239.0,240.0,277.0,250.0,True,SOFT,2.0,True,Racing Bulls,2953.589,,1,,,,False,True
3127.509,LIN,41,79.971,14.0,3.0,,,28.173,17.38,34.418,3075.711,3093.091,3127.509,257.0,292.0,297.0,297.0,True,SOFT,3.0,True,Racing Bulls,3047.538,,1,,,,False,True
3414.172,LIN,41,,15.0,3.0,,3224.418,34.74,22.336,,3162.332,3184.622,,221.0,249.0,,250.0,False,SOFT,4.0,True,Racing Bulls,3127.509,,1,,,,False,False
3539.908,LIN,41,125.736,16.0,4.0,3420.294,,62.771,21.047,41.918,3476.943,3497.99,3539.908,228.0,259.0,267.0,79.0,False,SOFT,1.0,True,Racing Bulls,3414.172,,1,,,,False,False
3642.377,LIN,41,102.469,17.0,4.0,,,32.715,20.881,48.873,3572.623,3593.504,3642.377,239.0,248.0,275.0,254.0,False,SOFT,2.0,True,Racing Bulls,3539.908,,1,,,,False,True
3723.677,LIN,41,81.3,18.0,4.0,,,28.541,17.312,35.447,3670.918,3688.23,3723.677,253.0,299.0,308.0,296.0,False,SOFT,3.0,True,Racing Bulls,3642.377,,1,,,,False,True
4316.041,LIN,41,,19.0,4.0,,3841.602,35.624,23.533,,3759.195,3782.82,,213.0,235.0,,244.0,False,SOFT,4.0,True,Racing Bulls,3723.677,,12,,,,False,False
4424.384,LIN,41,,20.0,5.0,4316.041,,,20.5,38.702,,4385.682,4424.416,233.0,257.0,262.0,80.0,False,SOFT,5.0,False,Racing Bulls,4316.041,,1,,,,False,False
5305.365,LIN,41,,21.0,5.0,,4523.633,31.122,19.884,,4455.51,4475.432,,242.0,262.0,,257.0,False,SOFT,6.0,False,Racing Bulls,4424.384,,152,,,,False,False
5407.639,LIN,41,102.274,22.0,6.0,5308.001,,42.377,20.168,39.729,5347.742,5367.91,5407.639,233.0,245.0,275.0,142.0,False,SOFT,1.0,True,Racing Bulls,5308.001,,1,,,,False,False
5500.611,LIN,41,92.972,23.0,6.0,,,31.694,20.978,40.3,5439.333,5460.311,5500.611,238.0,239.0,275.0,249.0,True,SOFT,2.0,True,Racing Bulls,5407.639,,1,,,,False,True
5581.858,LIN,41,81.247,24.0,6.0,,,28.023,18.423,34.801,5528.634,5547.057,5581.858,284.0,262.0,302.0,315.0,True,SOFT,3.0,True,Racing Bulls,5500.611,,1,,,,False,True
905.422,BOR,5,121.211,1.0,1.0,797.562,,60.423,20.911,39.877,844.74,865.612,905.631,237.0,229.0,264.0,100.0,False,SOFT,1.0,True,Audi,797.562,,1,,,,False,False
996.393,BOR,5,90.971,2.0,1.0,,,31.456,20.583,38.932,936.878,957.461,996.393,243.0,232.0,274.0,267.0,True,SOFT,2.0,True,Audi,905.422,,1,,,,False,True
1076.888,BOR,5,80.495,3.0,1.0,,,28.263,17.547,34.685,1024.656,1042.203,1076.888,257.0,281.0,301.0,291.0,True,SOFT,3.0,True,Audi,996.393,,1,,,,False,True
1193.066,BOR,5,116.178,4.0,1.0,,,42.607,26.58,46.991,1119.495,1146.075,1193.066,195.0,168.0,269.0,231.0,False,SOFT,4.0,True,Audi,1076.888,,1,,,,False,True
1273.813,BOR,5,80.747,5.0,1.0,,,28.435,17.491,34.821,1221.501,1238.992,1273.813,252.0,283.0,300.0,287.0,False,SOFT,5.0,True,Audi,1193.066,,1,,,,False,True
2878.219,BOR,5,,6.0,1.0,,1372.52,35.599,20.231,,1309.585,1329.867,,244.0,239.0,,220.0,False,SOFT,6.0,True,Audi,1273.813,,125,,,,False,False
2999.576,BOR,5,121.357,7.0,2.0,2885.792,,55.665,20.771,44.921,2933.884,2954.655,2999.576,212.0,212.0,239.0,163.0,False,SOFT,1.0,True,Audi,2885.792,,1,,,,False,False
3096.096,BOR,5,96.52,8.0,2.0,,,31.483,21.841,43.196,3031.059,3052.9,3096.096,249.0,232.0,270.0,272.0,True,SOFT,2.0,True,Audi,2999.576,,1,,,,False,True
3176.47,BOR,5,80.374,9.0,2.0,,,28.374,17.454,34.546,3124.47,3141.924,3176.47,254.0,283.0,296.0,288.0,True,SOFT,3.0,True,Audi,3096.096,,1,,,,False,True
3398.243,BOR,5,,10.0,2.0,,3269.068,32.584,20.584,,3209.208,3229.762,,246.0,231.0,,268.0,False,SOFT,4.0,True,Audi,3176.47,,1,,,,False,False
3502.474,BOR,5,104.231,11.0,3.0,3402.765,,44.48,20.627,39.124,3442.723,3463.35,3502.474,245.0,232.0,267.0,190.0,False,SOFT,1.0,True,Audi,3398.243,,1,,,,False,False
3601.905,BOR,5,99.431,12.0,3.0,,,31.297,20.457,47.677,3533.771,3554.228,3601.905,248.0,234.0,274.0,264.0,False,SOFT,2.0,True,Audi,3502.474,,1,,,,False,True
3682.126,BOR,5,80.221,13.0,3.0,,,28.272,17.418,34.531,3630.177,3647.595,3682.126,251.0,282.0,299.0,290.0,True,SOFT,3.0,True,Audi,3601.905,,1,,,,False,True
3777.662,BOR,5,95.536,14.0,3.0,,4037.78,38.899,22.106,34.531,3721.025,3743.131,3777.662,204.0,214.0,,253.0,False,SOFT,4.0,True,Audi,3682.126,,1,,,,False,False
866.869,HUL,27,,1.0,1.0,764.437,,,20.891,42.349,,824.578,867.112,247.0,244.0,281.0,180.0,False,SOFT,1.0,True,Audi,764.437,,1,,,,False,False
963.005,HUL,27,96.136,2.0,1.0,,,31.544,19.313,45.279,898.413,917.726,963.005,260.0,259.0,277.0,250.0,True,SOFT,2.0,True,Audi,866.869,,1,,,,False,True
1044.237,HUL,27,81.232,3.0,1.0,,,28.867,17.602,34.763,991.872,1009.474,1044.237,260.0,285.0,301.0,309.0,True,SOFT,3.0,True,Audi,963.005,,1,,,,False,True
1156.153,HUL,27,111.916,4.0,1.0,,,40.396,26.718,44.802,1084.633,1111.351,1156.153,182.0,235.0,275.0,223.0,False,SOFT,4.0,True,Audi,1044.237,,1,,,,False,True
1237.241,HUL,27,81.088,5.0,1.0,,,28.619,17.637,34.832,1184.772,1202.409,1237.241,254.0,284.0,295.0,310.0,True,SOFT,5.0,True,Audi,1156.153,,1,,,,False,True
1997.826,HUL,27,,6.0,1.0,,1324.823,30.421,19.711,,1267.695,1287.507,,251.0,248.0,,252.0,False,SOFT,6.0,True,Audi,1237.241,,125,,,,False,False
2105.217,HUL,27,107.391,7.0,2.0,2004.423,,41.597,20.308,45.486,2039.423,2059.731,2105.217,246.0,227.0,276.0,204.0,False,SOFT,1.0,True,Audi,2004.423,,1,,,,False,False
2186.241,HUL,27,81.024,8.0,2.0,,,28.577,17.8,34.647,2133.794,2151.594,2186.241,253.0,280.0,293.0,311.0,True,SOFT,2.0,True,Audi,2105.217,,1,,,,False,True
2300.293,HUL,27,114.052,9.0,2.0,,,42.729,26.876,44.447,2228.97,2255.846,2300.293,163.0,261.0,232.0,235.0,False,SOFT,3.0,True,Audi,2186.241,,1,,,,False,True
2887.015,HUL,27,,10.0,2.0,,2386.93,29.113,17.819,,2329.543,2347.243,,248.0,274.0,,283.0,False,SOFT,4.0,True,Audi,2300.293,,12,,,,False,False
3018.59,HUL,27,131.575,11.0,3.0,2908.977,,64.625,20.601,46.349,2951.64,2972.241,3018.59,247.0,231.0,235.0,174.0,False,SOFT,5.0,False,Audi,2887.015,,1,,,,False,False
3099.781,HUL,27,81.191,12.0,3.0,,,28.906,17.513,34.772,3047.496,3065.009,3099.781,255.0,290.0,304.0,294.0,True,SOFT,6.0,False,Audi,3018.59,,1,,,,False,True
3319.038,HUL,27,,13.0,3.0,,3194.901,33.788,19.726,,3133.583,3153.268,,257.0,251.0,,301.0,False,SOFT,7.0,False,Audi,3099.781,,1,,,,False,False
3427.275,HUL,27,108.237,14.0,4.0,3321.493,,36.144,20.207,51.886,3355.182,3375.389,3427.275,248.0,229.0,277.0,199.0,False,SOFT,1.0,True,Audi,3319.038,,1,,,,False,False
3507.578,HUL,27,80.303,15.0,4.0,,,28.587,17.405,34.311,3455.862,3473.267,3507.578,256.0,291.0,295.0,293.0,True,SOFT,2.0,True,Audi,3427.275,,1,,,,False,True
3624.869,HUL,27,117.291,16.0,4.0,,,41.247,22.884,53.16,3548.825,3571.709,3624.869,188.0,273.0,271.0,225.0,False,SOFT,3.0,True,Audi,3507.578,,1,,,,False,True
3707.729,HUL,27,82.86,17.0,4.0,,,28.775,17.662,36.423,3653.644,3671.306,3707.729,255.0,281.0,243.0,289.0,False,SOFT,4.0,True,Audi,3624.869,,1,,,,False,True
3810.93,HUL,27,,18.0,4.0,,3810.93,37.157,22.201,,3744.867,3767.07,,216.0,233.0,,193.0,False,SOFT,5.0,True,Audi,3707.729,,12,,,,False,False
890.622,BEA,87,,1.0,1.0,777.406,,,21.307,39.609,,851.1,890.828,229.0,262.0,271.0,65.0,False,SOFT,1.0,True,Haas F1 Team,777.406,,1,,,,False,False
972.03,BEA,87,81.408,2.0,1.0,,,28.871,17.684,34.853,919.493,937.177,972.03,250.0,303.0,309.0,279.0,True,SOFT,2.0,True,Haas F1 Team,890.622,,1,,,,False,True
1084.259,BEA,87,112.229,3.0,1.0,,,48.955,21.33,41.944,1020.985,1042.315,1084.259,221.0,249.0,276.0,75.0,False,SOFT,3.0,True,Haas F1 Team,972.03,,1,,,,False,True
1165.506,BEA,87,81.247,4.0,1.0,,,28.868,17.643,34.736,1113.127,1130.77,1165.506,252.0,300.0,306.0,285.0,True,SOFT,4.0,True,Haas F1 Team,1084.259,,1,,,,False,True
1941.468,BEA,87,,5.0,1.0,,1264.508,39.066,20.113,,1204.577,1224.78,,226.0,282.0,,300.0,False,SOFT,5.0,True,Haas F1 Team,1165.506,,125,,,,False,False
2050.264,BEA,87,108.796,6.0,2.0,1946.827,,46.615,20.684,41.497,1988.083,2008.767,2050.264,234.0,260.0,275.0,128.0,False,SOFT,1.0,True,Haas F1 Team,1946.827,,1,,,,False,False
2131.704,BEA,87,81.44,7.0,2.0,,,29.159,17.694,34.587,2079.423,2097.117,2131.704,252.0,302.0,307.0,282.0,False,SOFT,2.0,True,Haas F1 Team,2050.264,,1,,,,False,True
2246.402,BEA,87,114.698,8.0,2.0,,,39.307,21.495,53.896,2171.011,2192.506,2246.402,197.0,281.0,267.0,141.0,False,SOFT,3.0,True,Haas F1 Team,2131.704,,1,,,,False,True
2327.791,BEA,87,81.389,9.0,2.0,,,29.373,17.531,34.485,2275.775,2293.306,2327.791,252.0,301.0,305.0,281.0,False,SOFT,4.0,True,Haas F1 Team,2246.402,,1,,,,False,True
2812.744,BEA,87,,10.0,2.0,,2428.273,36.278,23.221,,2364.182,2387.29,,173.0,230.0,,238.0,False,SOFT,5.0,True,Haas F1 Team,2327.791,,12,,,,False,False
2925.439,BEA,87,112.695,11.0,3.0,2817.721,,53.413,20.532,38.75,2866.157,2886.689,2925.439,244.0,272.0,292.0,71.0,False,SOFT,1.0,True,Haas F1 Team,2812.744,,1,,,,False,False
3022.157,BEA,87,96.718,12.0,3.0,,,31.071,20.753,44.894,2956.51,2977.263,3022.157,251.0,266.0,276.0,239.0,True,SOFT,2.0,True,Haas F1 Team,2925.439,,1,,,,False,True
3102.812,BEA,87,80.655,13.0,3.0,,,28.61,17.407,34.638,3050.767,3068.174,3102.812,255.0,305.0,308.0,282.0,True,SOFT,3.0,True,Haas F1 Team,3022.157,,1,,,,False,True
3386.408,BEA,87,,14.0,3.0,,3197.027,35.0,20.454,,3137.865,3158.278,,229.0,278.0,,201.0,False,SOFT,4.0,True,Haas F1 Team,3102.812,,1,,,,False,False
3494.362,BEA,87,107.954,15.0,4.0,3392.469,,48.874,20.304,38.776,3435.282,3455.586,3494.362,245.0,272.0,300.0,128.0,False,SOFT,1.0,True,Haas F1 Team,3386.408,,1,,,,False,False
3587.998,BEA,87,93.636,16.0,4.0,,,32.47,19.962,41.204,3526.832,3546.794,3587.998,249.0,274.0,280.0,245.0,False,SOFT,2.0,True,Haas F1 Team,3494.362,,1,,,,False,True
3668.309,BEA,87,80.311,17.0,4.0,,,28.492,17.439,34.38,3616.49,3633.929,3668.309,253.0,304.0,308.0,288.0,True,SOFT,3.0,True,Haas F1 Team,3587.998,,1,,,,False,True
3770.445,BEA,87,,18.0,4.0,,3770.445,34.406,23.234,,3702.764,3726.029,,213.0,213.0,,252.0,False,SOFT,4.0,True,Haas F1 Team,3668.309,,1,,,,False,False
882.112,OCO,31,,1.0,1.0,773.218,,,21.588,41.037,,841.162,882.333,231.0,250.0,268.0,83.0,False,SOFT,1.0,True,Haas F1 Team,773.218,,1,,,,False,False
963.93,OCO,31,81.818,2.0,1.0,,,28.939,17.959,34.92,911.051,929.01,963.93,282.0,289.0,307.0,278.0,True,SOFT,2.0,True,Haas F1 Team,882.112,,1,,,,False,True
1075.902,OCO,31,111.972,3.0,1.0,,,39.017,23.346,49.609,1002.947,1026.293,1075.902,217.0,127.0,272.0,271.0,False,SOFT,3.0,True,Haas F1 Team,963.93,,1,,,,False,True
1157.166,OCO,31,81.264,4.0,1.0,,,28.791,17.828,34.645,1104.693,1122.521,1157.166,252.0,296.0,305.0,283.0,True,SOFT,4.0,True,Haas F1 Team,1075.902,,1,,,,False,True
1929.133,OCO,31,,5.0,1.0,,1259.038,38.332,20.36,,1195.621,1216.017,,222.0,282.0,,277.0,False,SOFT,5.0,True,Haas F1 Team,1157.166,,125,,,,False,False
2045.878,OCO,31,116.745,6.0,2.0,1937.397,,53.489,21.534,41.722,1982.622,2004.156,2045.878,233.0,248.0,269.0,113.0,False,SOFT,1.0,True,Haas F1 Team,1937.397,,1,,,,False,False
2126.637,OCO,31,80.759,7.0,2.0,,,28.594,17.676,34.489,2074.472,2092.148,2126.637,253.0,297.0,300.0,280.0,True,SOFT,2.0,True,Haas F1 Team,2045.878,,1,,,,False,True
2237.284,OCO,31,110.647,8.0,2.0,,,35.136,26.434,49.077,2161.773,2188.207,2237.284,187.0,205.0,265.0,262.0,False,SOFT,3.0,True,Haas F1 Team,2126.637,,1,,,,False,True
2318.152,OCO,31,80.868,9.0,2.0,,,28.51,17.738,34.62,2265.794,2283.532,2318.152,253.0,296.0,296.0,279.0,False,SOFT,4.0,True,Haas F1 Team,2237.284,,1,,,,False,True
2813.314,OCO,31,,10.0,2.0,,2422.043,36.577,23.035,,2354.838,2377.852,,215.0,228.0,,258.0,False,SOFT,5.0,True,Haas F1 Team,2318.152,,12,,,,False,False
2918.838,OCO,31,,11.0,3.0,2813.314,,94.733,21.39,38.428,2859.02,2880.414,2918.86,242.0,251.0,295.0,68.0,False,SOFT,1.0,True,Haas F1 Team,2813.314,,1,,,,False,False
3011.417,OCO,31,92.579,12.0,3.0,,,31.255,20.946,40.378,2950.093,2971.039,3011.417,236.0,253.0,270.0,270.0,True,SOFT,2.0,True,Haas F1 Team,2918.838,,1,,,,False,True
3091.908,OCO,31,80.491,13.0,3.0,,,28.499,17.469,34.523,3039.916,3057.385,3091.908,255.0,302.0,299.0,280.0,True,SOFT,3.0,True,Haas F1 Team,3011.417,,1,,,,False,True
3382.66,OCO,31,,14.0,3.0,,3193.902,39.504,21.337,,3131.38,3152.741,,161.0,259.0,,274.0,False,SOFT,4.0,True,Haas F1 Team,3091.908,,1,,,,False,False
3489.955,OCO,31,107.295,15.0,4.0,3387.125,,45.636,21.209,40.45,3428.296,3449.505,3489.955,238.0,268.0,286.0,160.0,False,SOFT,1.0,True,Haas F1 Team,3382.66,,1,,,,False,False
3584.407,OCO,31,94.452,16.0,4.0,,,31.117,20.851,42.484,3521.072,3541.923,3584.407,239.0,253.0,270.0,284.0,False,SOFT,2.0,True,Haas F1 Team,3489.955,,1,,,,False,True
3665.476,OCO,31,81.069,17.0,4.0,,,28.539,17.794,34.736,3612.946,3630.74,3665.476,251.0,293.0,297.0,276.0,False,SOFT,3.0,True,Haas F1 Team,3584.407,,1,,,,False,True
3766.398,OCO,31,,18.0,4.0,,3766.398,34.813,23.577,,3700.326,3723.936,,209.0,240.0,,250.0,False,SOFT,4.0,True,Haas F1 Team,3665.476,,1,,,,False,False
916.466,GAS,10,124.879,1.0,1.0,804.89,,60.883,20.369,43.627,852.47,872.94,916.678,246.0,279.0,274.0,84.0,False,SOFT,1.0,True,Alpine,804.89,,1,,,,False,False
999.14,GAS,10,82.674,2.0,1.0,,,29.335,17.913,35.426,945.801,963.714,999.14,267.0,272.0,300.0,296.0,True,SOFT,2.0,True,Alpine,916.466,,1,,,,False,True
1109.164,GAS,10,110.024,3.0,1.0,,,38.258,22.266,49.5,1037.398,1059.664,1109.164,234.0,235.0,214.0,222.0,False,SOFT,3.0,True,Alpine,999.14,,1,,,,False,True
1215.582,GAS,10,106.418,4.0,1.0,,,37.719,21.067,47.632,1146.883,1167.95,1215.582,249.0,283.0,282.0,226.0,False,SOFT,4.0,True,Alpine,1109.164,,1,,,,False,True
1297.013,GAS,10,81.431,5.0,1.0,,,28.421,17.951,35.059,1244.003,1261.954,1297.013,270.0,265.0,302.0,296.0,True,SOFT,5.0,True,Alpine,1215.582,,1,,,,False,True
2113.39,GAS,10,,6.0,1.0,,1395.395,36.057,21.328,,1333.196,1354.426,,230.0,280.0,,263.0,False,SOFT,6.0,True,Alpine,1297.013,,125,,,,False,False
2225.146,GAS,10,111.756,7.0,2.0,2115.695,,42.948,19.905,48.903,2156.338,2176.243,2225.146,236.0,285.0,274.0,162.0,False,SOFT,1.0,True,Alpine,2115.695,,1,,,,False,False
2322.921,GAS,10,97.775,8.0,2.0,,,31.676,20.707,45.392,2256.822,2277.529,2322.921,249.0,274.0,277.0,301.0,False,SOFT,2.0,True,Alpine,2225.146,,1,,,,False,True
2404.059,GAS,10,81.138,9.0,2.0,,,28.402,17.696,35.04,2351.323,2369.019,2404.059,262.0,276.0,291.0,302.0,True,SOFT,3.0,True,Alpine,2322.921,,1,,,,False,True
2838.058,GAS,10,,10.0,2.0,,2511.143,37.34,23.171,,2441.445,2464.603,,228.0,218.0,,241.0,False,SOFT,4.0,True,Alpine,2404.059,,12,,,,False,False
2968.79,GAS,10,130.732,11.0,3.0,2860.948,,70.105,20.428,40.199,2908.163,2928.591,2968.79,249.0,278.0,258.0,82.0,False,SOFT,1.0,True,Alpine,2838.058,,1,,,,False,False
3064.544,GAS,10,95.754,12.0,3.0,,,31.102,19.867,44.785,2999.892,3019.759,3064.544,247.0,281.0,281.0,275.0,True,SOFT,2.0,True,Alpine,2968.79,,1,,,,False,True
3145.045,GAS,10,80.501,13.0,3.0,,,28.339,17.557,34.605,3092.883,3110.44,3145.045,267.0,287.0,291.0,300.0,True,SOFT,3.0,True,Alpine,3064.544,,1,,,,False,True
3436.026,GAS,10,,14.0,3.0,,3245.818,37.095,21.491,,3182.22,3203.699,,233.0,276.0,,245.0,False,SOFT,4.0,True,Alpine,3145.045,,1,,,,False,False
3543.34,GAS,10,107.314,15.0,4.0,3438.188,,44.468,20.531,42.315,3480.494,3501.025,3543.34,254.0,254.0,256.0,109.0,False,SOFT,1.0,True,Alpine,3436.026,,1,,,,False,False
3650.526,GAS,10,107.186,16.0,4.0,,,32.863,20.279,54.044,3576.203,3596.482,3650.526,250.0,280.0,277.0,263.0,False,SOFT,2.0,True,Alpine,3543.34,,1,,,,False,True
3731.352,GAS,10,80.826,17.0,4.0,,,28.283,17.626,34.917,3678.809,3696.435,3731.352,283.0,276.0,295.0,302.0,False,SOFT,3.0,True,Alpine,3650.526,,1,,,,False,True
3845.243,GAS,10,,18.0,4.0,,3845.243,38.194,21.162,,3769.649,3790.727,,236.0,270.0,,238.0,False,SOFT,4.0,True,Alpine,3731.352,,12,,,,False,False
873.438,ALB,23,,1.0,1.0,768.671,,,20.535,40.833,,832.687,873.644,240.0,264.0,279.0,115.0,False,SOFT,1.0,True,Williams,768.671,,1,,,,False,False
955.24,ALB,23,81.802,2.0,1.0,,,28.934,17.771,35.097,902.372,920.143,955.24,263.0,290.0,300.0,283.0,True,SOFT,2.0,True,Williams,873.438,,1,,,,False,True
1070.144,ALB,23,114.904,3.0,1.0,,,43.36,24.474,47.07,998.6,1023.074,1070.144,139.0,174.0,279.0,244.0,False,SOFT,3.0,True,Williams,955.24,,1,,,,False,True
1152.367,ALB,23,82.223,4.0,1.0,,,29.214,17.902,35.107,1099.358,1117.26,1152.367,263.0,285.0,294.0,284.0,False,SOFT,4.0,True,Williams,1070.144,,1,,,,False,True
1319.851,ALB,23,,5.0,1.0,,1250.304,34.94,21.703,,1187.316,1209.082,,236.0,239.0,,274.0,False,SOFT,5.0,True,Williams,1152.367,,1,,,,False,False
1947.524,ALB,23,,6.0,2.0,1319.851,1429.283,46.783,20.079,,1361.614,1381.692,,261.0,268.0,,117.0,False,SOFT,1.0,True,Williams,1319.851,,125,,,,False,False
2060.623,ALB,23,113.099,7.0,3.0,1955.547,,52.653,20.211,40.235,2000.177,2020.388,2060.623,260.0,257.0,287.0,130.0,False,SOFT,2.0,False,Williams,1955.547,,1,,,,False,False
2142.104,ALB,23,81.481,8.0,3.0,,,28.822,17.722,34.937,2089.445,2107.167,2142.104,254.0,294.0,291.0,284.0,True,SOFT,3.0,False,Williams,2060.623,,1,,,,False,True
2254.99,ALB,23,112.886,9.0,3.0,,,43.941,24.988,43.957,2186.045,2211.033,2254.99,188.0,194.0,277.0,131.0,False,SOFT,4.0,False,Williams,2142.104,,1,,,,False,True
2336.041,ALB,23,81.051,10.0,3.0,,,28.44,17.67,34.941,2283.43,2301.1,2336.041,271.0,284.0,300.0,285.0,True,SOFT,5.0,False,Williams,2254.99,,1,,,,False,True
2816.31,ALB,23,,11.0,3.0,,2432.82,34.318,22.625,,2370.322,2393.071,,213.0,247.0,,240.0,False,SOFT,6.0,False,Williams,2336.041,,12,,,,False,False
2933.133,ALB,23,116.823,12.0,4.0,2824.464,,57.792,19.842,39.189,2874.102,2893.944,2933.133,253.0,268.0,285.0,55.0,False,SOFT,6.0,False,Williams,2816.31,,1,,,,False,False
3015.108,ALB,23,81.975,13.0,4.0,,,29.278,17.751,34.946,2962.411,2980.162,3015.108,268.0,288.0,294.0,288.0,True,SOFT,7.0,False,Williams,2933.133,,1,,,,False,True
3134.408,ALB,23,119.3,14.0,4.0,,3114.629,37.114,22.38,59.806,3052.222,3074.602,3134.408,173.0,170.0,,283.0,False,SOFT,8.0,False,Williams,3015.108,,1,,,,False,False
3233.434,ALB,23,99.026,15.0,5.0,3136.833,,39.954,19.719,39.353,3174.362,3194.081,3233.434,257.0,266.0,284.0,152.0,False,SOFT,1.0,True,Williams,3134.408,,1,,,,False,False
3314.375,ALB,23,80.941,16.0,5.0,,,28.292,17.74,34.909,3261.726,3279.466,3314.375,269.0,282.0,292.0,287.0,True,SOFT,2.0,True,Williams,3233.434,,1,,,,False,True
3490.292,ALB,23,,17.0,5.0,,3412.235,36.115,23.361,,3350.653,3373.938,,198.0,254.0,,260.0,False,SOFT,3.0,True,Williams,3314.375,,1,,,,False,False
3593.61,ALB,23,103.318,18.0,6.0,3492.525,,39.229,23.051,41.038,3529.521,3552.572,3593.61,257.0,256.0,279.0,165.0,False,SOFT,1.0,True,Williams,3490.292,,1,,,,False,False
3696.53,ALB,23,,19.0,6.0,,3696.53,39.928,21.241,,3633.482,3654.81,,247.0,239.0,,282.0,False,SOFT,2.0,True,Williams,3593.61,,1,,,,False,False
899.647,COL,43,121.668,1.0,1.0,786.921,,59.495,20.224,41.949,837.563,857.719,899.96,240.0,280.0,269.0,56.0,False,SOFT,1.0,True,Alpine,786.921,,1,,,,False,False
983.04,COL,43,83.393,2.0,1.0,,,28.681,18.796,35.916,928.328,947.124,983.04,269.0,292.0,298.0,298.0,True,SOFT,2.0,True,Alpine,899.647,,1,,,,False,True
1094.59,COL,43,111.55,3.0,1.0,,,38.642,22.987,49.921,1021.682,1044.669,1094.59,200.0,263.0,89.0,217.0,True,SOFT,3.0,True,Alpine,983.04,,1,,,,False,True
1203.257,COL,43,108.667,4.0,1.0,,,43.534,22.92,42.213,1138.124,1161.044,1203.257,247.0,228.0,277.0,144.0,True,SOFT,4.0,True,Alpine,1094.59,,1,,,,False,True
1285.504,COL,43,82.247,5.0,1.0,,,29.133,17.786,35.328,1232.39,1250.176,1285.504,266.0,275.0,302.0,302.0,True,SOFT,5.0,True,Alpine,1203.257,,1,,,,False,True
2116.988,COL,43,,6.0,1.0,,1382.223,38.878,20.698,,1324.471,1345.223,,233.0,281.0,,213.0,False,SOFT,6.0,True,Alpine,1285.504,,125,,,,False,False
2232.213,COL,43,115.225,7.0,2.0,2120.608,,44.557,20.591,50.077,2161.545,2182.136,2232.213,238.0,278.0,266.0,99.0,False,SOFT,1.0,True,Alpine,2120.608,,1,,,,False,False
2335.343,COL,43,103.13,8.0,2.0,,,29.52,28.094,45.516,2261.733,2289.827,2335.343,187.0,218.0,280.0,295.0,False,SOFT,2.0,True,Alpine,2232.213,,1,,,,False,True
2416.543,COL,43,81.2,9.0,2.0,,,28.515,17.811,34.874,2363.858,2381.669,2416.543,271.0,274.0,288.0,300.0,True,SOFT,3.0,True,Alpine,2335.343,,1,,,,False,True
2851.133,COL,43,,10.0,2.0,,2512.69,33.66,20.67,,2450.312,2470.858,,245.0,278.0,,265.0,False,SOFT,4.0,True,Alpine,2416.543,,12,,,,False,False
2977.132,COL,43,125.999,11.0,3.0,2870.378,,65.279,20.474,40.246,2916.412,2936.886,2977.132,241.0,279.0,254.0,76.0,False,SOFT,1.0,True,Alpine,2851.133,,1,,,,False,False
3081.633,COL,43,104.501,12.0,3.0,,,31.725,20.286,52.49,3008.857,3029.143,3081.633,245.0,281.0,253.0,258.0,True,SOFT,2.0,True,Alpine,2977.132,,1,,,,False,True
3163.485,COL,43,81.852,13.0,3.0,,,28.874,17.68,35.298,3110.507,3128.187,3163.485,271.0,281.0,291.0,290.0,True,SOFT,3.0,True,Alpine,3081.633,,1,,,,False,True
3404.233,COL,43,,14.0,3.0,,3257.849,33.568,21.936,,3197.168,3219.074,,239.0,274.0,,245.0,False,SOFT,4.0,True,Alpine,3163.485,,1,,,,False,False
3513.508,COL,43,109.275,15.0,4.0,3409.028,,48.504,20.691,40.08,3452.737,3473.428,3513.508,246.0,199.0,258.0,73.0,False,SOFT,1.0,True,Alpine,3404.233,,1,,,,False,False
3618.717,COL,43,105.209,16.0,4.0,,,34.146,20.208,50.855,3547.654,3567.862,3618.717,246.0,281.0,271.0,257.0,False,SOFT,2.0,True,Alpine,3513.508,,1,,,,False,True
3699.987,COL,43,81.27,17.0,4.0,,,28.489,17.621,35.16,3647.206,3664.827,3699.987,282.0,275.0,293.0,299.0,True,SOFT,3.0,True,Alpine,3618.717,,1,,,,False,True
3799.789,COL,43,,18.0,4.0,,3799.789,34.982,21.41,,3735.004,3756.477,,216.0,278.0,,244.0,False,SOFT,4.0,True,Alpine,3699.987,,1,,,,False,False
941.094,ALO,14,133.764,1.0,1.0,828.375,,71.288,21.263,41.213,878.661,899.96,941.311,243.0,250.0,267.0,126.0,False,SOFT,1.0,True,Aston Martin,828.375,,1,,,,False,False
1024.105,ALO,14,83.011,2.0,1.0,,,29.274,18.305,35.432,970.368,988.673,1024.105,240.0,265.0,291.0,292.0,True,SOFT,2.0,True,Aston Martin,941.094,,1,,,,False,True
1127.833,ALO,14,103.728,3.0,1.0,,,37.651,20.721,45.356,1061.756,1082.477,1127.833,233.0,252.0,272.0,158.0,False,SOFT,3.0,True,Aston Martin,1024.105,,1,,,,False,True
1210.388,ALO,14,82.555,4.0,1.0,,,28.974,18.172,35.409,1156.807,1174.979,1210.388,242.0,266.0,289.0,280.0,True,SOFT,4.0,True,Aston Martin,1127.833,,1,,,,False,True
1951.808,ALO,14,,5.0,1.0,,1309.226,35.444,20.883,,1245.82,1266.804,,232.0,190.0,,252.0,False,SOFT,5.0,True,Aston Martin,1210.388,,125,,,,False,False
2068.595,ALO,14,116.787,6.0,2.0,1969.241,,55.716,20.977,40.094,2007.524,2028.501,2068.595,247.0,247.0,273.0,174.0,False,SOFT,1.0,True,Aston Martin,1969.241,,1,,,,False,False
2150.745,ALO,14,82.15,7.0,2.0,,,28.896,18.089,35.165,2097.491,2115.58,2150.745,244.0,265.0,293.0,278.0,True,SOFT,2.0,True,Aston Martin,2068.595,,1,,,,False,True
2250.888,ALO,14,100.143,8.0,2.0,,,34.84,20.752,44.551,2185.585,2206.337,2250.888,235.0,269.0,269.0,198.0,False,SOFT,3.0,True,Aston Martin,2150.745,,1,,,,False,True
2332.857,ALO,14,81.969,9.0,2.0,,,28.797,18.047,35.125,2279.685,2297.732,2332.857,245.0,271.0,294.0,290.0,True,SOFT,4.0,True,Aston Martin,2250.888,,1,,,,False,True
2444.4,ALO,14,,10.0,2.0,,2444.4,39.735,25.158,,2372.605,2397.736,,189.0,225.0,,98.0,False,SOFT,5.0,True,Aston Martin,2332.857,,1,,,,False,False
950.494,PER,11,132.455,1.0,1.0,839.99,,70.664,21.01,40.781,888.703,909.803,950.701,238.0,263.0,287.0,146.0,False,SOFT,1.0,True,Cadillac,839.99,,1,,,,False,False
1034.061,PER,11,83.567,2.0,1.0,,,29.434,17.996,36.137,979.928,997.924,1034.061,256.0,295.0,300.0,299.0,True,SOFT,2.0,True,Cadillac,950.494,,1,,,,False,True
1309.992,PER,11,,3.0,1.0,,1135.166,36.646,21.401,,1070.76,1092.151,,243.0,271.0,,236.0,False,SOFT,3.0,True,Cadillac,1034.061,,1,,,,False,False
2160.569,PER,11,,4.0,2.0,1309.992,1424.33,42.166,20.945,,1349.895,1370.817,,238.0,267.0,,159.0,False,SOFT,1.0,True,Cadillac,1309.992,,125,,,,False,False
2266.656,PER,11,106.087,5.0,3.0,2163.314,,40.026,20.42,45.641,2200.595,2221.015,2266.656,242.0,266.0,285.0,185.0,False,SOFT,1.0,True,Cadillac,2163.314,,1,,,,False,False
2349.261,PER,11,82.605,6.0,3.0,,,29.138,17.819,35.648,2295.794,2313.613,2349.261,260.0,299.0,301.0,301.0,True,SOFT,2.0,True,Cadillac,2266.656,,1,,,,False,True
2459.129,PER,11,,7.0,3.0,,2459.129,36.031,25.136,,2385.305,2410.402,,203.0,242.0,,235.0,False,SOFT,3.0,True,Cadillac,2349.261,,1,,,,False,False
954.916,BOT,77,129.994,1.0,1.0,847.178,,67.955,20.755,41.284,892.891,913.71,955.092,234.0,274.0,280.0,154.0,False,SOFT,1.0,True,Cadillac,847.178,,1,,,,False,False
1038.557,BOT,77,83.641,2.0,1.0,,,29.482,17.949,36.21,984.398,1002.347,1038.557,249.0,297.0,304.0,301.0,True,SOFT,2.0,True,Cadillac,954.916,,1,,,,False,True
1262.994,BOT,77,,3.0,1.0,,1137.729,34.867,20.542,,1073.416,1094.041,,235.0,308.0,,235.0,False,SOFT,3.0,True,Cadillac,1038.557,,1,,,,False,False
1364.317,BOT,77,101.323,4.0,2.0,1265.32,,41.601,20.218,39.504,1304.595,1324.813,1364.317,264.0,275.0,283.0,157.0,False,SOFT,1.0,True,Cadillac,1262.994,,1,,,,False,False
2156.524,BOT,77,,5.0,2.0,,1471.861,,,,,,,,,,307.0,False,SOFT,2.0,True,Cadillac,1364.317,,125,,,,False,False
2260.83,BOT,77,104.306,6.0,3.0,2158.814,,41.112,20.231,42.963,2197.636,2217.867,2260.83,257.0,274.0,284.0,161.0,False,SOFT,1.0,True,Cadillac,2158.814,,1,,,,False,False
2344.074,BOT,77,83.244,7.0,3.0,,,29.198,18.068,35.978,2290.028,2308.096,2344.074,261.0,290.0,303.0,307.0,True,SOFT,2.0,True,Cadillac,2260.83,,1,,,,False,True
2453.451,BOT,77,,8.0,3.0,,2453.451,37.594,24.343,,2381.805,2406.137,,217.0,217.0,,254.0,False,SOFT,3.0,True,Cadillac,2344.074,,1,,,,False,False
1371.416,VER,3,102.025,1.0,1.0,1273.117,,41.429,19.065,41.531,1310.82,1329.914,1371.629,254.0,295.0,287.0,169.0,False,SOFT,1.0,True,Red Bull Racing,1273.117,,1,,,,False,False
1677.674,VER,3,,2.0,1.0,,1677.674,41.429,,,1677.674,,,,,,305.0,False,SOFT,2.0,True,Red Bull Racing,1371.416,,125,,,,False,False
